4987176388889,Joy ｼﾞｮｲｼﾞｪﾙﾀﾌﾞｵﾚﾝｼﾞﾊﾟｯｹｰｼﾞ48P
4987176388872,Joy ｼﾞｮｲｼﾞｪﾙﾀﾌﾞｵﾚﾝｼﾞﾊﾟｯｹｰｼﾞ76P
4987176376817,Febreze ﾌｧﾌﾞﾘｰｽﾞｲｰｼﾞｰｸﾘｯﾌﾟ ﾌﾛｰﾗﾙﾌﾞﾘｰｽﾞ2個ﾊﾟｯｸ
4987176376756,Febreze ﾌｧﾌﾞﾘｰｽﾞ ｲｰｼﾞｰｸﾘｯﾌﾟ
4987176362018,Febreze ﾌｧﾌﾞﾘｰｽﾞ ｲｰｼﾞｰｸﾘｯﾌﾟﾄﾞﾗｲﾌﾞｼﾘｰｽﾞ
4987176336590,Febreze ﾌｧﾌﾞﾘｰｽﾞ ｲｰｼﾞｰｸﾘｯﾌﾟ
4987176336651,Febreze ﾌｧﾌﾞﾘｰｽﾞ ｲｰｼﾞｰｸﾘｯﾌﾟ
4987176336606,Febreze ﾌｧﾌﾞﾘｰｽﾞ ｲｰｼﾞｰｸﾘｯﾌﾟ
4987176336620,Febreze ﾌｧﾌﾞﾘｰｽﾞ ｲｰｼﾞｰｸﾘｯﾌﾟ
4987176323910,Febreze ﾌｧﾌﾞﾘｰｽﾞ ｲｰｼﾞｰｸﾘｯﾌﾟ
4987176323958,Febreze ﾌｧﾌﾞﾘｰｽﾞ ｲｰｼﾞｰｸﾘｯﾌﾟ
4987176323934,Febreze ﾌｧﾌﾞﾘｰｽﾞ ｲｰｼﾞｰｸﾘｯﾌﾟ
4987176323927,Febreze ﾌｧﾌﾞﾘｰｽﾞｲｰｼﾞｰｸﾘｯﾌﾟ 消臭成分最高ﾚﾍﾞﾙ
4987176323903,Febreze ﾌｧﾌﾞﾘｰｽﾞ ｲｰｼﾞｰｸﾘｯﾌﾟ
4987176323941,Febreze ﾌｧﾌﾞﾘｰｽﾞｲｰｼﾞｰｸﾘｯﾌﾟ 消臭成分最高ﾚﾍﾞﾙ
4987176376725,Febreze ﾌｧﾌﾞﾘｰｽﾞ ｲｰｼﾞｰｸﾘｯﾌﾟ
4987176376794,Febreze ﾌｧﾌﾞﾘｰｽﾞ ｲｰｼﾞｰｸﾘｯﾌﾟ
4987176400628,Febreze ﾌｧﾌﾞﾘｰｽﾞ ｲｰｼﾞｰｸﾘｯﾌﾟ
4987176400611,Febreze ﾌｧﾌﾞﾘｰｽﾞ ｲｰｼﾞｰｸﾘｯﾌﾟ
4987176400604,Febreze ﾌｧﾌﾞﾘｰｽﾞ ｲｰｼﾞｰｸﾘｯﾌﾟ
4987176336644,Febreze ﾌｧﾌﾞﾘｰｽﾞ ｲｰｼﾞｰｸﾘｯﾌﾟ
4902430566575,Febreze ﾌｧﾌﾞﾘｰｽﾞ ﾌﾟﾚﾐｱﾑｸﾘｯﾌﾟ
4902430566612,Febreze ﾌｧﾌﾞﾘｰｽﾞ ﾌﾟﾚﾐｱﾑｸﾘｯﾌﾟ
4902430566636,Febreze ﾌｧﾌﾞﾘｰｽﾞ ﾌﾟﾚﾐｱﾑｸﾘｯﾌﾟ
4902430566674,Febreze ﾌｧﾌﾞﾘｰｽﾞ ﾌﾟﾚﾐｱﾑｸﾘｯﾌﾟ
4902430566759,Febreze ﾌｧﾌﾞﾘｰｽﾞ ﾌﾟﾚﾐｱﾑｸﾘｯﾌﾟ
4902430566766,Febreze ﾌｧﾌﾞﾘｰｽﾞ ﾌﾟﾚﾐｱﾑｸﾘｯﾌﾟ
4902430364034,Febreze ｸﾙﾏ用ﾌｧﾌﾞﾘｰｽﾞ
4987176084132,Febreze ｸﾙﾏ用ﾌｧﾌﾞﾘｰｽﾞW除菌 ｳｲﾙｽ除去成分最高ﾚﾍﾞﾙ
4987176328397,Febreze ﾚﾉｱﾊﾋﾟﾈｽﾐｽﾄ ﾎﾜｲﾄﾃｨｰの香り
4987176328373,Febreze ﾚﾉｱﾊﾋﾟﾈｽﾐｽﾄ ﾎﾜｲﾄﾑｽｸの香り
4987176386083,Febreze ﾚﾉｱﾊﾋﾟﾈｽﾐｽﾄ おやすみﾗﾍﾞﾝﾀﾞｰﾌﾞﾚﾝﾄﾞ
4987176328366,Febreze ﾚﾉｱﾊﾋﾟﾈｽﾐｽﾄ ﾎﾜｲﾄﾃｨｰの香り
4987176328335,Febreze ﾚﾉｱﾊﾋﾟﾈｽﾐｽﾄ ﾎﾜｲﾄﾑｽｸの香り
4987176386038,Febreze ﾚﾉｱﾊﾋﾟﾈｽﾐｽﾄ おやすみﾗﾍﾞﾝﾀﾞｰﾌﾞﾚﾝﾄﾞ
4987176339218,Febreze ﾚﾉｱﾊﾋﾟﾈｽﾐｽﾄ ﾎﾜｲﾄﾃｨｰの香り
4987176339249,Febreze ﾚﾉｱﾊﾋﾟﾈｽﾐｽﾄ ﾎﾜｲﾄﾑｽｸの香り
4987176386106,Febreze ﾚﾉｱﾊﾋﾟﾈｽﾐｽﾄ おやすみﾗﾍﾞﾝﾀﾞｰﾌﾞﾚﾝﾄﾞ
4987176100498,Pantene ﾊﾟﾝﾃｰﾝ ｴｸｽﾄﾗﾀﾞﾒｰｼﾞﾘﾍﾟｱ
4987176409447,Pantene ﾊﾟﾝﾃｰﾝ ｴｸｽﾄﾗﾀﾞﾒｰｼﾞﾘﾍﾟｱ
4987176100504,Pantene ﾊﾟﾝﾃｰﾝ ﾓｲｽﾄｽﾑｰｽﾘﾍﾟｱ
4987176409430,Pantene ﾊﾟﾝﾃｰﾝ ﾓｲｽﾄｽﾑｰｽﾘﾍﾟｱ
4987176100511,Pantene ﾊﾟﾝﾃｰﾝｴｱﾘｰふんわりﾘﾍﾟｱ 洗い流すﾄﾘｰﾄﾒﾝﾄ
4987176413338,Pantene ﾊﾟﾝﾃｰﾝ ｺﾞｰﾙﾄﾞﾀﾞﾒｰｼﾞﾘﾍﾟｱ
4987176413369,Pantene ﾊﾟﾝﾃｰﾝ ｺﾞｰﾙﾄﾞﾎﾞﾘｭｰﾑﾘﾍﾟｱ
4987176100467,Pantene ﾊﾟﾝﾃｰﾝ ｴｸｽﾄﾗﾀﾞﾒｰｼﾞﾘﾍﾟｱ
4987176100474,Pantene ﾊﾟﾝﾃｰﾝ ﾓｲｽﾄｽﾑｰｽﾘﾍﾟｱ
4987176100481,Pantene ﾊﾟﾝﾃｰﾝｴｱﾘｰふんわりﾘﾍﾟｱ 洗い流すﾄﾘｰﾄﾒﾝﾄ特大ｻｲｽﾞ
4987176270405,Pantene ﾊﾟﾝﾃｰﾝ ｴｸｽﾄﾗﾀﾞﾒｰｼﾞﾘﾍﾟｱ
4987176339379,Pantene ﾊﾟﾝﾃｰﾝ ﾓｲｽﾄｽﾑｰｽﾘﾍﾟｱ
4987176413345,Pantene ﾊﾟﾝﾃｰﾝ ｺﾞｰﾙﾄﾞﾀﾞﾒｰｼﾞﾘﾍﾟｱ
4987176413352,Pantene ﾊﾟﾝﾃｰﾝ ｺﾞｰﾙﾄﾞﾎﾞﾘｭｰﾑﾘﾍﾟｱ
4987176409423,Pantene ﾊﾟﾝﾃｰﾝ ｺﾞｰﾙﾄﾞﾀﾞﾒｰｼﾞﾘﾍﾟｱ
4987176412362,Pantene ﾊﾟﾝﾃｰﾝ ｺﾞｰﾙﾄﾞﾎﾞﾘｭｰﾑﾘﾍﾟｱ
4987176163110,Pantene ﾊﾟﾝﾃｰﾝﾃﾞｨｰﾌﾟﾀﾞﾒｰｼﾞﾘﾍﾟｱﾍｱﾏｽｸ
4987176163103,Pantene ﾊﾟﾝﾃｰﾝﾃﾞｨｰﾌﾟﾀﾞﾒｰｼﾞﾘﾍﾟｱﾍｱｵｲﾙ
4987176237590,Pantene ﾊﾟﾝﾃｰﾝ ｴｱﾘｰふんわりﾘﾍﾟｱ
4987176237637,Pantene ﾊﾟﾝﾃｰﾝ ｴｸｽﾄﾗﾀﾞﾒｰｼﾞﾘﾍﾟｱ
4987176237682,Pantene ﾊﾟﾝﾃｰﾝ ﾓｲｽﾄｽﾑｰｽﾘﾍﾟｱ
4987176309686,Pantene ﾊﾟﾝﾃｰﾝ ｴｸｽﾄﾗﾀﾞﾒｰｼﾞﾘﾍﾟｱ
4987176339362,Pantene ﾊﾟﾝﾃｰﾝ ｴｸｽﾄﾗﾀﾞﾒｰｼﾞﾘﾍﾟｱ
4987176100900,Pantene ﾊﾟﾝﾃｰﾝ 瞬間うるおい補給ﾄﾘｰﾄﾒﾝﾄｳｫｰﾀｰ
4987176100436,Pantene ﾊﾟﾝﾃｰﾝ ｴｸｽﾄﾗﾀﾞﾒｰｼﾞﾘﾍﾟｱ
4987176100450,Pantene ﾊﾟﾝﾃｰﾝ ﾓｲｽﾄｽﾑｰｽﾘﾍﾟｱ
4987176100443,Pantene ﾊﾟﾝﾃｰﾝ ｴｱﾘｰふんわりﾘﾍﾟｱ
4987176100559,Pantene ﾊﾟﾝﾃｰﾝ ｴｸｽﾄﾗﾀﾞﾒｰｼﾞﾘﾍﾟｱ
4987176100566,Pantene ﾊﾟﾝﾃｰﾝ ﾓｲｽﾄｽﾑｰｽﾘﾍﾟｱ
4987176100573,Pantene ﾊﾟﾝﾃｰﾝ ｴｱﾘｰふんわりﾘﾍﾟｱ
4987176100252,Pantene ﾊﾟﾝﾃｰﾝ ｴｸｽﾄﾗﾀﾞﾒｰｼﾞﾘﾍﾟｱ
4987176100269,Pantene ﾊﾟﾝﾃｰﾝ ﾓｲｽﾄｽﾑｰｽﾘﾍﾟｱ
4987176100283,Pantene ﾊﾟﾝﾃｰﾝ ｴｱﾘｰふんわりﾘﾍﾟｱ
4987176100245,Pantene ﾊﾟﾝﾃｰﾝ ｴｸｽﾄﾗﾀﾞﾒｰｼﾞﾘﾍﾟｱ
4987176100276,Pantene ﾊﾟﾝﾃｰﾝ ﾓｲｽﾄｽﾑｰｽﾘﾍﾟｱ
4987176100290,Pantene ﾊﾟﾝﾃｰﾝ ｴｱﾘｰふんわりﾘﾍﾟｱ
4987176100306,Pantene ﾊﾟﾝﾃｰﾝ ｴｸｽﾄﾗﾀﾞﾒｰｼﾞﾘﾍﾟｱ
4987176100320,Pantene ﾊﾟﾝﾃｰﾝ ﾓｲｽﾄｽﾑｰｽﾘﾍﾟｱ
4987176100344,Pantene ﾊﾟﾝﾃｰﾝ ｴｱﾘｰふんわりﾘﾍﾟｱ
4987176100313,Pantene ﾊﾟﾝﾃｰﾝ ｴｸｽﾄﾗﾀﾞﾒｰｼﾞﾘﾍﾟｱ
4987176100337,Pantene ﾊﾟﾝﾃｰﾝ ﾓｲｽﾄｽﾑｰｽﾘﾍﾟｱ
4987176100351,Pantene ﾊﾟﾝﾃｰﾝ ｴｱﾘｰふんわりﾘﾍﾟｱ
4987176100368,Pantene ﾊﾟﾝﾃｰﾝ ｴｸｽﾄﾗﾀﾞﾒｰｼﾞﾘﾍﾟｱ
4987176100382,Pantene ﾊﾟﾝﾃｰﾝ ﾓｲｽﾄｽﾑｰｽﾘﾍﾟｱ
4987176100405,Pantene ﾊﾟﾝﾃｰﾝ ｴｱﾘｰふんわりﾘﾍﾟｱ
4987176100375,Pantene ﾊﾟﾝﾃｰﾝ ｴｸｽﾄﾗﾀﾞﾒｰｼﾞﾘﾍﾟｱ
4987176100399,Pantene ﾊﾟﾝﾃｰﾝ ﾓｲｽﾄｽﾑｰｽﾘﾍﾟｱ
4987176100412,Pantene ﾊﾟﾝﾃｰﾝ ｴｱﾘｰふんわりﾘﾍﾟｱ
4987176270412,Pantene ﾊﾟﾝﾃｰﾝ ｴｸｽﾄﾗﾀﾞﾒｰｼﾞﾘﾍﾟｱ
4987176334725,Pampers ﾊﾟﾝﾊﾟｰｽ さらさらｹｱ
4987176334725,Pampers ﾊﾟﾝﾊﾟｰｽ さらさらｹｱ
4987176304827,Pampers ﾊﾟﾝﾊﾟｰｽ さらさらｹｱ
4987176304827,Pampers ﾊﾟﾝﾊﾟｰｽ さらさらｹｱ
4987176203427,Pampers ﾊﾟﾝﾊﾟｰｽ おやすみﾊﾟﾝﾂ
4987176203441,Pampers ﾊﾟﾝﾊﾟｰｽ おやすみﾊﾟﾝﾂ
4987176333452,Pampers ﾊﾟﾝﾊﾟｰｽ おやすみﾊﾟﾝﾂ
4987176404572,Pampers ﾊﾟﾝﾊﾟｰｽ おやすみﾊﾟﾝﾂ
4987176238498,Pampers ﾊﾟﾝﾊﾟｰｽ はじめての肌へのいちばん
4987176203250,Pampers ﾊﾟﾝﾊﾟｰｽ はじめての肌へのいちばん
4987176203243,Pampers ﾊﾟﾝﾊﾟｰｽ はじめての肌へのいちばん
4987176341372,Pampers ﾊﾟﾝﾊﾟｰｽ はじめての肌へのいちばん
4987176341396,Pampers ﾊﾟﾝﾊﾟｰｽ はじめての肌へのいちばん
4987176203229,Pampers ﾊﾟﾝﾊﾟｰｽ はじめての肌へのいちばん
4987176203205,Pampers ﾊﾟﾝﾊﾟｰｽ はじめての肌へのいちばん
4987176341518,Pampers ﾊﾟﾝﾊﾟｰｽ はじめての肌へのいちばん
4987176341426,Pampers ﾊﾟﾝﾊﾟｰｽ はじめての肌へのいちばん
4987176341082,Pampers ﾊﾟﾝﾊﾟｰｽ 肌へのいちばんﾊﾟﾝﾂ
4987176341075,Pampers ﾊﾟﾝﾊﾟｰｽ 肌へのいちばんﾊﾟﾝﾂ
4987176341228,Pampers ﾊﾟﾝﾊﾟｰｽ 肌へのいちばんﾊﾟﾝﾂ
4987176341150,Pampers ﾊﾟﾝﾊﾟｰｽ 肌へのいちばんﾊﾟﾝﾂ
4987176341068,Pampers ﾊﾟﾝﾊﾟｰｽ 肌へのいちばんﾊﾟﾝﾂ
4987176341143,Pampers ﾊﾟﾝﾊﾟｰｽ 肌へのいちばんﾊﾟﾝﾂ
4987176341242,Pampers ﾊﾟﾝﾊﾟｰｽ 肌へのいちばんﾊﾟﾝﾂ
4987176341174,Pampers ﾊﾟﾝﾊﾟｰｽ 肌へのいちばんﾊﾟﾝﾂ
4987176404749,Pampers ﾊﾟﾝﾊﾟｰｽ 肌へのいちばん夜用
4987176404763,Pampers ﾊﾟﾝﾊﾟｰｽ 肌へのいちばん夜用
4987176404787,Pampers ﾊﾟﾝﾊﾟｰｽ 肌へのいちばん夜用
4987176180568,Pampers ﾊﾟﾝﾊﾟｰｽ 肌へのいちばん
4987176180599,Pampers ﾊﾟﾝﾊﾟｰｽ 肌へのいちばん
4987176333490,Pampers ﾊﾟﾝﾊﾟｰｽ おやすみﾊﾟﾝﾂ
4987176377920,Pampers ﾊﾟﾝﾊﾟｰｽ 超吸収ｴｱﾘｰ
4987176377951,Pampers ﾊﾟﾝﾊﾟｰｽ 超吸収ｴｱﾘｰ
4987176377968,Pampers ﾊﾟﾝﾊﾟｰｽ 超吸収ｴｱﾘｰ
4987176126825,Whisper ｳｨｽﾊﾟｰ1枚2役Wｶﾞｰﾄﾞ 3cc
4987176126849,Whisper ｳｨｽﾊﾟｰ1枚2役Wｶﾞｰﾄﾞ 3cc
4987176161147,Whisper ｳｨｽﾊﾟｰ1枚2役Wｶﾞｰﾄﾞ 10cc
4902430874311,Whisper ｳｨｽﾊﾟｰ1枚2役Wｶﾞｰﾄﾞ 15cc
4902430874311,Whisper ｳｨｽﾊﾟｰ1枚2役Wｶﾞｰﾄﾞ 15cc
4902430881517,Whisper ｳｨｽﾊﾟｰ1枚2役Wｶﾞｰﾄﾞ 15cc
4987176408549,Whisper ｳｨｽﾊﾟｰ1枚2役Wｶﾞｰﾄﾞ 15cc
4902430881531,Whisper ｳｨｽﾊﾟｰ うすさら吸水
4987176195937,Whisper ｳｨｽﾊﾟｰうすさら吸水 30cc
4902430917100,Whisper ｳｨｽﾊﾟｰ うすさら吸水
4987176408495,Whisper ｳｨｽﾊﾟｰ うすさら吸水
4987176265869,Whisper ｳｨｽﾊﾟｰうすさら吸水 30cc
4987176408587,Whisper ｳｨｽﾊﾟｰうすさら吸水 30cc
4987176194084,Whisper ｳｨｽﾊﾟｰうすさら吸水 30cc
4987176194084,Whisper ｳｨｽﾊﾟｰうすさら吸水 30cc
4902430874335,Whisper ｳｨｽﾊﾟｰ うすさら吸水
4987176195913,Whisper ｳｨｽﾊﾟｰうすさら吸水 50cc
4987176265876,Whisper ｳｨｽﾊﾟｰうすさら吸水 50cc
4987176408464,Whisper ｳｨｽﾊﾟｰうすさら吸水 50cc
4902430881715,Whisper ｳｨｽﾊﾟｰ うすさら吸水
4987176408525,Whisper ｳｨｽﾊﾟｰ うすさら吸水
4987176194053,Whisper ｳｨｽﾊﾟｰうすさら吸水 50cc
4987176194053,Whisper ｳｨｽﾊﾟｰうすさら吸水 50cc
4902430873796,Whisper ｳｨｽﾊﾟｰ うすさら吸水
4987176415516,Whisper ｳｨｽﾊﾟｰ うすさら吸水
4902430917148,Whisper ｳｨｽﾊﾟｰ うすさら吸水
4987176408488,Whisper ｳｨｽﾊﾟｰ うすさら吸水
4902430917179,Whisper ｳｨｽﾊﾟｰ うすさら吸水
4987176415578,Whisper ｳｨｽﾊﾟｰ うすさら吸水
4987176126856,Whisper ｳｨｽﾊﾟｰ うすさら吸水
4987176126856,Whisper ｳｨｽﾊﾟｰ うすさら吸水
4902430874328,Whisper ｳｨｽﾊﾟ- うすさら安心
4902430879941,Whisper ｳｨｽﾊﾟ- うすさら安心
4987176216984,Whisper ｳｨｽﾊﾟｰうすさら安心 45cc
4902430882453,Whisper ｳｨｽﾊﾟ- うすさら安心
4987176415530,Whisper ｳｨｽﾊﾟ- うすさら安心
4987176265821,Whisper ｳｨｽﾊﾟｰうすさら安心 80cc
4902430874342,Whisper ｳｨｽﾊﾟ- うすさら安心
4987176104632,Whisper ｳｨｽﾊﾟ- うすさら安心
4987176104632,Whisper ｳｨｽﾊﾟ- うすさら安心
4987176408617,Whisper ｳｨｽﾊﾟ- うすさら安心
4902430881562,Whisper ｳｨｽﾊﾟ- うすさら安心
4987176415554,Whisper ｳｨｽﾊﾟ- うすさら安心
4987176265838,Whisper ｳｨｽﾊﾟｰうすさら安心 120cc
4902430874359,Whisper ｳｨｽﾊﾟ- うすさら安心
4987176104649,Whisper ｳｨｽﾊﾟ- うすさら安心
4987176104649,Whisper ｳｨｽﾊﾟ- うすさら安心
4987176336750,Whisper ｳｨｽﾊﾟｰうすさら安心 120cc
4987176336750,Whisper ｳｨｽﾊﾟｰうすさら安心 120cc
4902430917049,Whisper ｳｨｽﾊﾟ- うすさら安心
4987176104663,Whisper ｳｨｽﾊﾟ- うすさら安心
4987176104663,Whisper ｳｨｽﾊﾟ- うすさら安心
4987176266170,Whisper ｳｨｽﾊﾟ- うすさら安心
4987176266170,Whisper ｳｨｽﾊﾟ- うすさら安心
4902430344821,Whisper ｳｨｽﾊﾟ- うすさら安心
4987176266187,Whisper ｳｨｽﾊﾟ- うすさら安心
4987176266187,Whisper ｳｨｽﾊﾟ- うすさら安心
4987176336743,Whisper ｳｨｽﾊﾟｰうすさら安心 220cc
4987176336743,Whisper ｳｨｽﾊﾟｰうすさら安心 220cc
4987176072054,Whisper ｳｨｽﾊﾟｰうすさら安心 300cc
4987176072054,Whisper ｳｨｽﾊﾟｰうすさら安心 300cc
4987176161154,Whisper ｳｨｽﾊﾟｰ安心の超吸収 150cc
4987176161185,Whisper ｳｨｽﾊﾟｰ安心の超吸収 300cc
4987176164254,Whisper ｳｨｽﾊﾟｰ安心の超吸収 150cc
4987176164261,Whisper ｳｨｽﾊﾟｰ安心の超吸収 300cc
4987176408624,Whisper ｳｨｽﾊﾟｰ安心の超吸収 300cc
4987176274861,Whisper ｳｨｽﾊﾟｰ安心の超吸収 300cc
4987176408556,Whisper ｳｨｽﾊﾟｰ安心の超吸収 300cc
4987176415615,Whisper ｳｨｽﾊﾟｰ安心の超吸収 150cc
4987176415608,Whisper ｳｨｽﾊﾟｰ安心の超吸収 250cc
4987176408648,Whisper ｳｨｽﾊﾟｰ安心の超吸収 350cc
4987176408655,Whisper ｳｨｽﾊﾟｰ安心の超吸収 350cc
4902430899796,Oral-B ｵｰﾗﾙB ﾌﾟﾚﾐｱﾑﾃﾞﾝﾀﾙﾌﾛｽ
4987176262295,Oral-B ｵｰﾗﾙB ﾌﾛｽﾋﾟｯｸ
4987176262301,Oral-B ｵｰﾗﾙB ﾌﾛｽﾋﾟｯｸ
