4987176408921,Joy 除菌ｼﾞｮｲｺﾝﾊﾟｸﾄ 贅沢ﾗｲﾑ&ｴﾙﾀﾞｰﾌﾗﾜｰの香り
4987176118660,Joy 除菌ｼﾞｮｲｺﾝﾊﾟｸﾄW消臭 ﾌﾚｯｼｭｸﾘｰﾝ
4987176290120,Joy 除菌ｼﾞｮｲｺﾝﾊﾟｸﾄ 詰替ｼﾞｬﾝﾎﾞｻｲｽﾞ
4987176290236,Joy 除菌ｼﾞｮｲｺﾝﾊﾟｸﾄ 緑茶の香り
4987176290182,Joy 除菌ｼﾞｮｲｺﾝﾊﾟｸﾄ 贅沢ｼﾄﾗｽｵﾚﾝｼﾞの香り
4987176290205,Joy 除菌ｼﾞｮｲｺﾝﾊﾟｸﾄ 贅沢ｼﾄﾗｽﾚﾓﾝの香り
4987176408969,Joy 除菌ｼﾞｮｲｺﾝﾊﾟｸﾄ 贅沢ﾗｲﾑ&ｴﾙﾀﾞｰﾌﾗﾜｰの香り
4987176290038,Joy 除菌ｼﾞｮｲｺﾝﾊﾟｸﾄ 詰替超ｼﾞｬﾝﾎﾞｻｲｽﾞ
4987176290069,Joy 除菌ｼﾞｮｲｺﾝﾊﾟｸﾄ 贅沢ｼﾄﾗｽﾚﾓﾝの香り
4987176290052,Joy 除菌ｼﾞｮｲｺﾝﾊﾟｸﾄ 緑茶の香り
4987176290007,Joy 除菌ｼﾞｮｲｺﾝﾊﾟｸﾄ 贅沢ｼﾄﾗｽｵﾚﾝｼﾞの香り
4987176290113,Joy 除菌ｼﾞｮｲｺﾝﾊﾟｸﾄ 贅沢ｸﾞﾚｰﾌﾟﾌﾙｰﾂの香り
4987176290083,Joy 除菌ｼﾞｮｲｺﾝﾊﾟｸﾄW消臭 ﾌﾚｯｼｭｸﾘｰﾝ
4987176409010,Joy 除菌ｼﾞｮｲｺﾝﾊﾟｸﾄ 贅沢ﾗｲﾑ&ｴﾙﾀﾞｰﾌﾗﾜｰの香り
4987176323491,Joy ｼﾞｮｲPRO洗浄まとめ洗い用本体
4987176323538,Joy ｼﾞｮｲPRO洗浄すぐ洗い用本体
4987176323583,Joy ｼﾞｮｲPRO洗浄まとめ洗い用 逆さﾎﾞﾄﾙ
4987176229328,Joy ｼﾞｮｲPRO洗浄まとめ洗い用 詰替
4987176229311,Joy ｼﾞｮｲPRO洗浄すぐ洗い用 詰替
4987176229403,Joy ｼﾞｮｲPRO洗浄まとめ洗い用詰替特大
4987176229366,Joy ｼﾞｮｲPRO洗浄すぐ洗い用詰替特大
4987176229397,Joy ｼﾞｮｲPRO洗浄まとめ洗い用詰替超特大
4987176229342,Joy ｼﾞｮｲPRO洗浄すぐ洗い用詰替超特大
4902430898959,Joy ｼﾞｮｲｵｰﾙｲﾝﾜﾝ泡ｽﾌﾟﾚｰ微香ﾀｲﾌﾟ 詰替3回分
4987176027573,Joy 除菌ｼﾞｮｲｵｰﾙｲﾝﾜﾝ泡ｽﾌﾟﾚｰ 微香
4987176027634,Joy 除菌ｼﾞｮｲｵｰﾙｲﾝﾜﾝ泡ｽﾌﾟﾚｰ 緑茶の香り
4987176109507,Joy ｼﾞｮｲｵｰﾙｲﾝﾜﾝ泡ｽﾌﾟﾚｰ微香ﾀｲﾌﾟ 本体
4987176109477,Joy 除菌ｼﾞｮｲｵｰﾙｲﾝﾜﾝ泡ｽﾌﾟﾚｰ 微香
4987176109484,Joy 除菌ｼﾞｮｲｵｰﾙｲﾝﾜﾝ泡ｽﾌﾟﾚｰ 緑茶の香り
4987176154460,Joy ｼﾞｮｲｼﾞｪﾙﾀﾌﾞ13P
4987176388759,Joy ｼﾞｮｲｼﾞｪﾙﾀﾌﾞ9P
4987176230904,Joy ｼﾞｮｲｼﾞｪﾙﾀﾌﾞｸﾘｽﾀﾙ13P
4987176388803,Joy ｼﾞｮｲｼﾞｪﾙﾀﾌﾞｵﾚﾝｼﾞﾊﾟｯｹｰｼﾞ9P
4987176154439,Joy ｼﾞｮｲｼﾞｪﾙﾀﾌﾞ32P
4987176230966,Joy ｼﾞｮｲｼﾞｪﾙﾀﾌﾞｸﾘｽﾀﾙ32P
4987176388827,Joy ｼﾞｮｲｼﾞｪﾙﾀﾌﾞｵﾚﾝｼﾞﾊﾟｯｹｰｼﾞ32P
4987176154453,Joy ｼﾞｮｲｼﾞｪﾙﾀﾌﾞ48P
4987176230935,Joy ｼﾞｮｲｼﾞｪﾙﾀﾌﾞｸﾘｽﾀﾙ48P
4987176388889,Joy ｼﾞｮｲｼﾞｪﾙﾀﾌﾞｵﾚﾝｼﾞﾊﾟｯｹｰｼﾞ48P
4987176187963,Joy ｼﾞｮｲｼﾞｪﾙﾀﾌﾞ76P
4987176230843,Joy ｼﾞｮｲｼﾞｪﾙﾀﾌﾞｸﾘｽﾀﾙ76P
4987176388872,Joy ｼﾞｮｲｼﾞｪﾙﾀﾌﾞｵﾚﾝｼﾞﾊﾟｯｹｰｼﾞ76P
4902430708487,Joy 食洗機用ｼﾞｮｲ 除菌
4902430708494,Joy 食洗機用ｼﾞｮｲ ｵﾚﾝｼﾞﾋﾟｰﾙ成分入り
4902430777537,Joy 食洗機用ｼﾞｮｲ 除菌
4902430777360,Joy 食洗機用ｼﾞｮｲ ｵﾚﾝｼﾞﾋﾟｰﾙ成分入り
4987176411266,Joy 食洗機用ｼﾞｮｲ 除菌
4987176411235,Joy 食洗機用ｼﾞｮｲ ｵﾚﾝｼﾞﾋﾟｰﾙ成分入り
4987176350206,Joy さらさ食器用洗剤 本体
4987176350237,Joy さらさ食器用洗剤 詰替特大
4987176350244,Joy さらさ食器用洗剤 詰替超特大
4987176286307,Febreze ﾌｧﾌﾞﾘｰｽﾞW除菌
4987176286260,Febreze ﾌｧﾌﾞﾘｰｽﾞW除菌 ほのかな緑茶の香り
4987176286284,Febreze ﾌｧﾌﾞﾘｰｽﾞW除菌 無香料
4987176386434,Febreze ﾌｧﾌﾞﾘｰｽﾞ 消臭+除菌ﾌﾟﾚﾐｱﾑ
4987176386519,Febreze ﾌｧﾌﾞﾘｰｽﾞ 消臭+除菌ﾌﾟﾚﾐｱﾑ
4987176386571,Febreze ﾌｧﾌﾞﾘｰｽﾞ 消臭+除菌ﾌﾟﾚﾐｱﾑﾒﾝ
4987176386526,Febreze ﾌｧﾌﾞﾘｰｽﾞ 消臭+除菌ﾌﾟﾚﾐｱﾑ
4987176372031,Febreze ﾌｧﾌﾞﾘｰｽﾞ 消臭+除菌ﾌﾟﾚﾐｱﾑ
4902430642699,Febreze ﾌｧﾌﾞﾘｰｽﾞ with
4902430858229,Febreze ﾌｧﾌﾞﾘｰｽﾞ ﾅﾁｭﾘｽ
4902430877701,Febreze ﾌｧﾌﾞﾘｰｽﾞ ﾅﾁｭﾘｽ
4987176261199,Febreze ﾌｧﾌﾞﾘｰｽﾞ速乾ｼﾞｪｯﾄ ふんわりおひさまの香り
4987176261335,Febreze ﾌｧﾌﾞﾘｰｽﾞ速乾ｼﾞｪｯﾄ あらいたてのお洗濯の香り
4987176261175,Febreze ﾌｧﾌﾞﾘｰｽﾞ速乾ｼﾞｪｯﾄ 無香料
4987176286482,Febreze ﾌｧﾌﾞﾘｰｽﾞW除菌 つめかえ
4987176286475,Febreze ﾌｧﾌﾞﾘｰｽﾞW除菌 ほのかな緑茶の香り
4987176286451,Febreze ﾌｧﾌﾞﾘｰｽﾞW除菌 無香料
4987176386564,Febreze ﾌｧﾌﾞﾘｰｽﾞ 消臭+除菌ﾌﾟﾚﾐｱﾑ
4987176386502,Febreze ﾌｧﾌﾞﾘｰｽﾞ 消臭+除菌ﾌﾟﾚﾐｱﾑ
4987176386496,Febreze ﾌｧﾌﾞﾘｰｽﾞ 消臭+除菌ﾌﾟﾚﾐｱﾑﾒﾝ
4987176386441,Febreze ﾌｧﾌﾞﾘｰｽﾞ 消臭+除菌ﾌﾟﾚﾐｱﾑ
4987176371973,Febreze ﾌｧﾌﾞﾘｰｽﾞ 消臭+除菌ﾌﾟﾚﾐｱﾑ
4902430642927,Febreze ﾌｧﾌﾞﾘｰｽﾞ with
4902430858243,Febreze ﾌｧﾌﾞﾘｰｽﾞ ﾅﾁｭﾘｽ
4902430877725,Febreze ﾌｧﾌﾞﾘｰｽﾞ ﾅﾁｭﾘｽ
4987176261328,Febreze ﾌｧﾌﾞﾘｰｽﾞ速乾ｼﾞｪｯﾄ ふんわりおひさまの香り
4987176261281,Febreze ﾌｧﾌﾞﾘｰｽﾞ速乾ｼﾞｪｯﾄ あらいたてのお洗濯の香り
4987176261267,Febreze ﾌｧﾌﾞﾘｰｽﾞ速乾ｼﾞｪｯﾄ 無香料
4987176286406,Febreze ﾌｧﾌﾞﾘｰｽﾞW除菌 つめかえ特大ｻｲｽﾞ
4987176286321,Febreze ﾌｧﾌﾞﾘｰｽﾞW除菌 ほのかな緑茶の香り
4987176286376,Febreze ﾌｧﾌﾞﾘｰｽﾞW除菌 無香料
4987176386533,Febreze ﾌｧﾌﾞﾘｰｽﾞ 消臭+除菌ﾌﾟﾚﾐｱﾑ
4987176386489,Febreze ﾌｧﾌﾞﾘｰｽﾞ 消臭+除菌ﾌﾟﾚﾐｱﾑ
4987176386557,Febreze ﾌｧﾌﾞﾘｰｽﾞ 消臭+除菌ﾌﾟﾚﾐｱﾑﾒﾝ
4987176386427,Febreze ﾌｧﾌﾞﾘｰｽﾞ 消臭+除菌ﾌﾟﾚﾐｱﾑ
4987176372017,Febreze ﾌｧﾌﾞﾘｰｽﾞ 消臭+除菌ﾌﾟﾚﾐｱﾑ
4987176069955,Febreze ﾌｧﾌﾞﾘｰｽﾞ ﾅﾁｭﾘｽ
4987176261380,Febreze ﾌｧﾌﾞﾘｰｽﾞ速乾ｼﾞｪｯﾄ ふんわりおひさまの香り
4987176261359,Febreze ﾌｧﾌﾞﾘｰｽﾞ速乾ｼﾞｪｯﾄ あらいたてのお洗濯の香り
4987176261250,Febreze ﾌｧﾌﾞﾘｰｽﾞ速乾ｼﾞｪｯﾄ 無香料
4902430113502,Febreze ﾌｧﾌﾞﾘｰｽﾞW除菌10L詰替え用
4987176286383,Febreze ﾌｧﾌﾞﾘｰｽﾞW除菌 つめかえ用4回分
4987176286345,Febreze ﾌｧﾌﾞﾘｰｽﾞW除菌 無香料
4987176286505,Febreze ﾌｧﾌﾞﾘｰｽﾞW除菌 ほのかな緑茶の香りつめかえ用4回分
4987176386472,Febreze ﾌｧﾌﾞﾘｰｽﾞ 消臭+除菌ﾌﾟﾚﾐｱﾑ
4987176386465,Febreze ﾌｧﾌﾞﾘｰｽﾞ 消臭+除菌ﾌﾟﾚﾐｱﾑ
4987176386540,Febreze ﾌｧﾌﾞﾘｰｽﾞ 消臭+除菌ﾌﾟﾚﾐｱﾑﾒﾝ
4987176386458,Febreze ﾌｧﾌﾞﾘｰｽﾞ 消臭+除菌ﾌﾟﾚﾐｱﾑ
4987176371997,Febreze ﾌｧﾌﾞﾘｰｽﾞ 消臭+除菌ﾌﾟﾚﾐｱﾑ
4902430036023,Febreze 置き型ﾌｧﾌﾞﾘｰｽﾞ 無香
4902430036030,Febreze 置き型ﾌｧﾌﾞﾘｰｽﾞ すがすがしいﾅﾁｭﾗﾙｶﾞｰﾃﾞﾝの香り
4902430035873,Febreze 置き型ﾌｧﾌﾞﾘｰｽﾞ さわやかｽｶｲｼｬﾜｰの香り
4902430673587,Febreze 置き型ﾌｧﾌﾞﾘｰｽﾞ 靴箱専用ﾋﾟｭｱｸﾘｰﾝの香り
4902430036016,Febreze 置き型ﾌｧﾌﾞﾘｰｽﾞ 無香
4902430036047,Febreze 置き型ﾌｧﾌﾞﾘｰｽﾞ すがすがしいﾅﾁｭﾗﾙｶﾞｰﾃﾞﾝの香り
4902430036054,Febreze 置き型ﾌｧﾌﾞﾘｰｽﾞ さわやかｽｶｲｼｬﾜｰの香り
4902430673594,Febreze 置き型ﾌｧﾌﾞﾘｰｽﾞ 靴箱専用ﾋﾟｭｱｸﾘｰﾝの香り
4902430672894,Febreze 置き型ﾌｧﾌﾞﾘｰｽﾞ 無香
4902430649452,Febreze 置き型ﾌｧﾌﾞﾘｰｽﾞ すがすがしいﾅﾁｭﾗﾙｶﾞｰﾃﾞﾝの香り
4902430649469,Febreze 置き型ﾌｧﾌﾞﾘｰｽﾞ さわやかｽｶｲｼｬﾜｰの香り
4902430964494,Febreze 置き型ﾌｧﾌﾞﾘｰｽﾞ 靴箱専用ﾋﾟｭｱｸﾘｰﾝの香り
4902430736220,Febreze ﾌｧﾌﾞﾘｰｽﾞﾏｲｸﾛﾐｽﾄ ｸﾗｼｯｸ･ｶﾞｰﾃﾞﾝの香り
4902430736237,Febreze ﾌｧﾌﾞﾘｰｽﾞﾏｲｸﾛﾐｽﾄ ｴﾚｶﾞﾝﾄ･ﾘﾘｰの香り
4902430736244,Febreze ﾌｧﾌﾞﾘｰｽﾞﾏｲｸﾛﾐｽﾄ ﾌﾚｯｼｭ･ｼﾄﾗｽの香り
4902430839761,Febreze ﾌｧﾌﾞﾘｰｽﾞﾏｲｸﾛﾐｽﾄ ｳｫｰﾀﾘｰ･ﾓﾘﾝｶﾞの香り
4902430736275,Febreze ﾌｧﾌﾞﾘｰｽﾞﾏｲｸﾛﾐｽﾄ ｸﾗｼｯｸ･ｶﾞｰﾃﾞﾝの香り
4902430736268,Febreze ﾌｧﾌﾞﾘｰｽﾞﾏｲｸﾛﾐｽﾄ ｴﾚｶﾞﾝﾄ･ﾘﾘｰの香り
4902430736251,Febreze ﾌｧﾌﾞﾘｰｽﾞﾏｲｸﾛﾐｽﾄ ﾌﾚｯｼｭ･ｼﾄﾗｽの香り
4902430839778,Febreze ﾌｧﾌﾞﾘｰｽﾞﾏｲｸﾛﾐｽﾄ ｳｫｰﾀﾘｰ･ﾓﾘﾝｶﾞの香り
4987176354426,Febreze eﾌｧﾌﾞﾘｰｽﾞ すずらん&ｸﾞﾘｰﾝﾌﾞｰｹの香り
4987176354396,Febreze eﾌｧﾌﾞﾘｰｽﾞ ﾎﾜｲﾄﾘﾘ-の香り
4987176354389,Febreze eﾌｧﾌﾞﾘｰｽﾞ ﾋﾟｰﾁ＆ﾑｽｸの香り
4987176354471,Febreze eﾌｧﾌﾞﾘｰｽﾞ すずらん&ｸﾞﾘｰﾝﾌﾞｰｹの香り
4987176354440,Febreze eﾌｧﾌﾞﾘｰｽﾞ ﾎﾜｲﾄﾘﾘ-の香り
4987176354457,Febreze eﾌｧﾌﾞﾘｰｽﾞ ﾋﾟｰﾁ＆ﾑｽｸの香り
4987176354433,Febreze eﾌｧﾌﾞﾘｰｽﾞ すずらん&ｸﾞﾘｰﾝﾌﾞｰｹの香り
4987176354419,Febreze eﾌｧﾌﾞﾘｰｽﾞ ﾎﾜｲﾄﾘﾘ-の香り
4987176354402,Febreze eﾌｧﾌﾞﾘｰｽﾞ ﾋﾟｰﾁ＆ﾑｽｸの香り
4987176258861,Febreze ﾌｧﾌﾞﾘｰｽﾞﾄｲﾚ用消臭剤 ｸﾘｰﾝ･ﾗﾍﾞﾝﾀﾞｰ
4987176258939,Febreze ﾌｧﾌﾞﾘｰｽﾞﾄｲﾚ用消臭剤 ﾌﾞﾙｰ･ｼｬﾎﾞﾝ
4987176259011,Febreze ﾌｧﾌﾞﾘｰｽﾞﾄｲﾚ用消臭剤 ｼﾄﾗｽ･ｽﾌﾟﾗｯｼｭ
4987176258953,Febreze ﾌｧﾌﾞﾘｰｽﾞﾄｲﾚ用消臭剤 ｸﾗｼｯｸ・ﾌﾞｰｹ
4987176315847,Febreze ﾌｧﾌﾞﾘｰｽﾞﾄｲﾚ用消臭剤 ﾎﾜｲﾄﾑｽｸ
4987176377012,Febreze ﾌｧﾌﾞﾘｰｽﾞﾄｲﾚ用消臭剤 ﾘﾌﾚｯｼｭ・ﾌｫﾚｽﾄ
4987176361929,Febreze ﾌｧﾌﾞﾘｰｽﾞﾄｲﾚ用消臭剤 ﾌﾟﾚﾐｱﾑｼﾘｰｽﾞ消臭＋自然な香り
4987176361967,Febreze ﾌｧﾌﾞﾘｰｽﾞﾄｲﾚ用消臭剤 ﾌﾟﾚﾐｱﾑｼﾘｰｽﾞ消臭＋自然な香り
4987176361943,Febreze ﾌｧﾌﾞﾘｰｽﾞﾄｲﾚ用消臭剤 ﾌﾟﾚﾐｱﾑｼﾘｰｽﾞ消臭＋自然な香り
4987176393791,Febreze ﾌｧﾌﾞﾘｰｽﾞﾄｲﾚ用消臭剤 ﾌﾟﾚﾐｱﾑｼﾘｰｽﾞ消臭＋自然な香り
4987176318336,Febreze ﾌｧﾌﾞﾘｰｽﾞﾄｲﾚ用消臭剤ﾌﾟﾚﾐｱﾑｼﾘｰｽﾞ+抗菌 ｳﾙﾄﾗ・ﾌﾚｯｼｭ・ｼｬﾎﾞﾝ
4987176318343,Febreze ﾌｧﾌﾞﾘｰｽﾞﾄｲﾚ用消臭剤ﾌﾟﾚﾐｱﾑｼﾘｰｽﾞ+抗菌 ｸﾞﾘｰﾝ･ｼﾄﾗｽ･ｶﾞｰﾃﾞﾝ
4987176318299,Febreze ﾌｧﾌﾞﾘｰｽﾞﾄｲﾚ用消臭剤ﾌﾟﾚﾐｱﾑｼﾘｰｽﾞ+抗菌 ﾅﾁｭﾗﾙ・ﾏｳﾝﾃﾝ・ｴｱ
4987176318350,Febreze ﾌｧﾌﾞﾘｰｽﾞﾄｲﾚ用消臭剤ﾌﾟﾚﾐｱﾑｼﾘｰｽﾞ+抗菌 ﾌﾚｯｼｭ・ｸﾘｰﾝ・ﾗﾍﾞﾝﾀﾞｰ
4987176318275,Febreze ﾌｧﾌﾞﾘｰｽﾞﾄｲﾚ用消臭剤ﾌﾟﾚﾐｱﾑｼﾘｰｽﾞ+抗菌 ﾌﾙｰﾃｨｰ・ｸﾗｼｯｸ・ﾌﾞｰｹ
4987176318312,Febreze ﾌｧﾌﾞﾘｰｽﾞﾄｲﾚ用消臭剤 ﾌﾟﾚﾐｱﾑｼﾘｰｽﾞ消臭成分最高ﾚﾍﾞﾙ
4987176351180,Febreze ﾌｧﾌﾞﾘｰｽﾞﾄｲﾚ用消臭剤 ｸﾘｰﾝ･ﾗﾍﾞﾝﾀﾞｰ
4987176351197,Febreze ﾌｧﾌﾞﾘｰｽﾞﾄｲﾚ用消臭剤 ﾌﾞﾙｰ･ｼｬﾎﾞﾝ
4987176351210,Febreze ﾌｧﾌﾞﾘｰｽﾞﾄｲﾚ用消臭剤 ｼﾄﾗｽ･ｽﾌﾟﾗｯｼｭ
4987176351227,Febreze ﾌｧﾌﾞﾘｰｽﾞﾄｲﾚ用消臭剤 ｸﾗｼｯｸ・ﾌﾞｰｹ
4987176376985,Febreze ﾌｧﾌﾞﾘｰｽﾞﾄｲﾚ用消臭剤 ﾎﾜｲﾄﾑｽｸ
4987176377029,Febreze ﾌｧﾌﾞﾘｰｽﾞﾄｲﾚ用消臭剤 ﾘﾌﾚｯｼｭ・ﾌｫﾚｽﾄ
4987176361981,Febreze ﾌｧﾌﾞﾘｰｽﾞﾄｲﾚ用消臭剤 ﾌﾟﾚﾐｱﾑｼﾘｰｽﾞ消臭＋自然な香り
4987176361974,Febreze ﾌｧﾌﾞﾘｰｽﾞﾄｲﾚ用消臭剤 ﾌﾟﾚﾐｱﾑｼﾘｰｽﾞ消臭＋自然な香り
4987176361516,Febreze ﾌｧﾌﾞﾘｰｽﾞﾄｲﾚ用消臭剤 ﾌﾟﾚﾐｱﾑｼﾘｰｽﾞ消臭＋自然な香り
4987176393784,Febreze ﾌｧﾌﾞﾘｰｽﾞﾄｲﾚ用消臭剤 ﾌﾟﾚﾐｱﾑｼﾘｰｽﾞ消臭＋自然な香り
4987176343314,Febreze ﾌｧﾌﾞﾘｰｽﾞﾄｲﾚ用消臭剤ﾌﾟﾚﾐｱﾑｼﾘｰｽﾞ+抗菌 ｳﾙﾄﾗ・ﾌﾚｯｼｭ・ｼｬﾎﾞﾝ
4987176343406,Febreze ﾌｧﾌﾞﾘｰｽﾞﾄｲﾚ用消臭剤ﾌﾟﾚﾐｱﾑｼﾘｰｽﾞ+抗菌 ｸﾞﾘｰﾝ･ｼﾄﾗｽ･ｶﾞｰﾃﾞﾝ
4987176343390,Febreze ﾌｧﾌﾞﾘｰｽﾞﾄｲﾚ用消臭剤ﾌﾟﾚﾐｱﾑｼﾘｰｽﾞ+抗菌 ﾅﾁｭﾗﾙ・ﾏｳﾝﾃﾝ・ｴｱ
4987176343383,Febreze ﾌｧﾌﾞﾘｰｽﾞﾄｲﾚ用消臭剤ﾌﾟﾚﾐｱﾑｼﾘｰｽﾞ+抗菌 ﾌﾚｯｼｭ・ｸﾘｰﾝ・ﾗﾍﾞﾝﾀﾞｰ
4987176343369,Febreze ﾌｧﾌﾞﾘｰｽﾞﾄｲﾚ用消臭剤ﾌﾟﾚﾐｱﾑｼﾘｰｽﾞ+抗菌 ﾌﾙｰﾃｨｰ・ｸﾗｼｯｸ・ﾌﾞｰｹ
4987176343352,Febreze ﾌｧﾌﾞﾘｰｽﾞﾄｲﾚ用消臭剤ﾌﾟﾚﾐｱﾑｼﾘｰｽﾞ 消臭成分最高ﾚﾍﾞﾙ
4987176259028,Febreze ﾌｧﾌﾞﾘｰｽﾞﾄｲﾚ用消臭剤 ｸﾘｰﾝ･ﾗﾍﾞﾝﾀﾞｰ
4987176259035,Febreze ﾌｧﾌﾞﾘｰｽﾞﾄｲﾚ用消臭剤 ﾌﾞﾙｰ･ｼｬﾎﾞﾝ
4987176258885,Febreze ﾌｧﾌﾞﾘｰｽﾞﾄｲﾚ用消臭剤 ｼﾄﾗｽ･ｽﾌﾟﾗｯｼｭ
4987176258991,Febreze ﾌｧﾌﾞﾘｰｽﾞﾄｲﾚ用消臭剤 ｸﾗｼｯｸ・ﾌﾞｰｹ
4987176377036,Febreze ﾌｧﾌﾞﾘｰｽﾞﾄｲﾚ用消臭剤 ﾘﾌﾚｯｼｭ・ﾌｫﾚｽﾄ
4987176361486,Febreze ﾌｧﾌﾞﾘｰｽﾞﾄｲﾚ用消臭剤 ﾌﾟﾚﾐｱﾑｼﾘｰｽﾞ消臭＋自然な香り
4987176361509,Febreze ﾌｧﾌﾞﾘｰｽﾞﾄｲﾚ用消臭剤 ﾌﾟﾚﾐｱﾑｼﾘｰｽﾞ消臭＋自然な香り
4987176361936,Febreze ﾌｧﾌﾞﾘｰｽﾞﾄｲﾚ用消臭剤 ﾌﾟﾚﾐｱﾑｼﾘｰｽﾞ消臭＋自然な香り
4987176393760,Febreze ﾌｧﾌﾞﾘｰｽﾞﾄｲﾚ用消臭剤 ﾌﾟﾚﾐｱﾑｼﾘｰｽﾞ消臭＋自然な香り
4987176343321,Febreze ﾌｧﾌﾞﾘｰｽﾞﾄｲﾚ用消臭剤ﾌﾟﾚﾐｱﾑｼﾘｰｽﾞ+抗菌 ｳﾙﾄﾗ・ﾌﾚｯｼｭ・ｼｬﾎﾞﾝ
4987176343345,Febreze ﾌｧﾌﾞﾘｰｽﾞﾄｲﾚ用消臭剤ﾌﾟﾚﾐｱﾑｼﾘｰｽﾞ+抗菌 ｸﾞﾘｰﾝ･ｼﾄﾗｽ･ｶﾞｰﾃﾞﾝつめかえ3個ﾊﾟｯｸ
4987176343376,Febreze ﾌｧﾌﾞﾘｰｽﾞﾄｲﾚ用消臭剤ﾌﾟﾚﾐｱﾑｼﾘｰｽﾞ+抗菌 ﾅﾁｭﾗﾙ・ﾏｳﾝﾃﾝ・ｴｱつめかえ3個ﾊﾟｯｸ
4987176343338,Febreze ﾌｧﾌﾞﾘｰｽﾞﾄｲﾚ用消臭剤ﾌﾟﾚﾐｱﾑｼﾘｰｽﾞ+抗菌 ﾌﾚｯｼｭ・ｸﾘｰﾝ・ﾗﾍﾞﾝﾀﾞｰつめかえ3個ﾊﾟｯｸ
4987176343307,Febreze ﾌｧﾌﾞﾘｰｽﾞﾄｲﾚ用消臭剤ﾌﾟﾚﾐｱﾑｼﾘｰｽﾞ+抗菌 ﾌﾙｰﾃｨｰ・ｸﾗｼｯｸ・ﾌﾞｰｹつめかえ3個ﾊﾟｯｸ
4987176343291,Febreze ﾌｧﾌﾞﾘｰｽﾞﾄｲﾚ用消臭剤ﾌﾟﾚﾐｱﾑｼﾘｰｽﾞ 消臭成分最高ﾚﾍﾞﾙ
4987176258922,Febreze ﾌｧﾌﾞﾘｰｽﾞﾄｲﾚ用消臭剤 ｸﾘｰﾝ･ﾗﾍﾞﾝﾀﾞｰ
4987176258915,Febreze ﾌｧﾌﾞﾘｰｽﾞﾄｲﾚ用消臭剤 ﾌﾞﾙｰ･ｼｬﾎﾞﾝ
4987176258977,Febreze ﾌｧﾌﾞﾘｰｽﾞﾄｲﾚ用消臭剤 ｼﾄﾗｽ･ｽﾌﾟﾗｯｼｭ
4987176259042,Febreze ﾌｧﾌﾞﾘｰｽﾞﾄｲﾚ用消臭剤 ｸﾗｼｯｸ・ﾌﾞｰｹ
4987176376992,Febreze ﾌｧﾌﾞﾘｰｽﾞﾄｲﾚ用消臭剤 ﾎﾜｲﾄﾑｽｸ
4987176377043,Febreze ﾌｧﾌﾞﾘｰｽﾞﾄｲﾚ用消臭剤 ﾘﾌﾚｯｼｭ・ﾌｫﾚｽﾄ
4987176361523,Febreze ﾌｧﾌﾞﾘｰｽﾞ玄関用消臭剤 ﾌﾟﾚﾐｱﾑｼﾘｰｽﾞ消臭＋自然な香り
4987176367020,Febreze ﾌｧﾌﾞﾘｰｽﾞ玄関用消臭剤 ﾌﾟﾚﾐｱﾑｼﾘｰｽﾞ消臭＋自然な香り
4987176393739,Febreze ﾌｧﾌﾞﾘｰｽﾞ玄関用消臭剤 ﾌﾟﾚﾐｱﾑｼﾘｰｽﾞ消臭＋自然な香り
4987176263322,Febreze ﾌｧﾌﾞﾘｰｽﾞ玄関用消臭剤 ﾎﾜｲﾄ・ﾃｨｰ&ﾘﾘｰ
4987176263391,Febreze ﾌｧﾌﾞﾘｰｽﾞ玄関用消臭剤 ﾌﾚﾝﾁ・ﾘﾈﾝ&ｼﾞｬｽﾐﾝ
4987176263346,Febreze ﾌｧﾌﾞﾘｰｽﾞ玄関用消臭剤 ｽｲｰﾄ・ﾋﾟｵﾆｰ&ﾐｭｹﾞ
4987176361493,Febreze ﾌｧﾌﾞﾘｰｽﾞ玄関用消臭剤 ﾌﾟﾚﾐｱﾑｼﾘｰｽﾞ消臭＋自然な香り
4987176367013,Febreze ﾌｧﾌﾞﾘｰｽﾞ玄関用消臭剤 ﾌﾟﾚﾐｱﾑｼﾘｰｽﾞ消臭＋自然な香り
4987176393746,Febreze ﾌｧﾌﾞﾘｰｽﾞ玄関用消臭剤 ﾌﾟﾚﾐｱﾑｼﾘｰｽﾞ消臭＋自然な香り
4987176361530,Febreze ﾌｧﾌﾞﾘｰｽﾞ玄関用消臭剤 ﾎﾜｲﾄ・ﾃｨｰ&ﾘﾘｰ
4987176366993,Febreze ﾌｧﾌﾞﾘｰｽﾞ玄関用消臭剤 ﾌﾚﾝﾁ・ﾘﾈﾝ&ｼﾞｬｽﾐﾝ
4987176362001,Febreze ﾌｧﾌﾞﾘｰｽﾞ玄関用消臭剤 ｽｲｰﾄ・ﾋﾟｵﾆｰ&ﾐｭｹﾞ本体+つめかえ1個ﾊﾟｯｸ
4987176361547,Febreze ﾌｧﾌﾞﾘｰｽﾞ玄関用消臭剤 ﾌﾟﾚﾐｱﾑｼﾘｰｽﾞ消臭＋自然な香り
4987176367006,Febreze ﾌｧﾌﾞﾘｰｽﾞ玄関用消臭剤 ﾌﾟﾚﾐｱﾑｼﾘｰｽﾞ消臭＋自然な香り
4987176393777,Febreze ﾌｧﾌﾞﾘｰｽﾞ玄関用消臭剤 ﾌﾟﾚﾐｱﾑｼﾘｰｽﾞ消臭＋自然な香り
4987176362025,Febreze ﾌｧﾌﾞﾘｰｽﾞ玄関用消臭剤 ﾎﾜｲﾄ・ﾃｨｰ&ﾘﾘｰ
4987176361998,Febreze ﾌｧﾌﾞﾘｰｽﾞ玄関用消臭剤 ｽｲｰﾄ・ﾋﾟｵﾆｰ&ﾐｭｹﾞつめかえ3個ﾊﾟｯｸ
4987176366986,Febreze ﾌｧﾌﾞﾘｰｽﾞ玄関用消臭剤 ﾌﾚﾝﾁ・ﾘﾈﾝ&ｼﾞｬｽﾐﾝ
4987176384072,Febreze ﾌｧﾌﾞﾘｰｽﾞお風呂用 みずみずしいﾌﾛｰﾗﾙの香り
4987176384089,Febreze ﾌｧﾌﾞﾘｰｽﾞお風呂用 ﾌﾚｯｼｭﾊｰﾌﾞ&ｼﾄﾗｽの香り
4987176384041,Febreze ﾌｧﾌﾞﾘｰｽﾞお風呂用 ふわっと香るせっけんの香り
4987176384102,Febreze ﾌｧﾌﾞﾘｰｽﾞお風呂用 みずみずしいﾌﾛｰﾗﾙの香り
4987176384096,Febreze ﾌｧﾌﾞﾘｰｽﾞお風呂用 ﾌﾚｯｼｭﾊｰﾌﾞ&ｼﾄﾗｽの香り
4987176384065,Febreze ﾌｧﾌﾞﾘｰｽﾞお風呂用 ふわっと香るせっけんの香り
4902430270687,Febreze ｸﾙﾏ用置き型ﾌｧﾌﾞﾘｰｽﾞ ｱｸｱｽｶｯｼｭの香り
4902430270717,Febreze ｸﾙﾏ用置き型ﾌｧﾌﾞﾘｰｽﾞ ｱｸｱｽｶｯｼｭの香り
4987176376718,Febreze ﾌｧﾌﾞﾘｰｽﾞ ｲｰｼﾞｰｸﾘｯﾌﾟ
4987176376855,Febreze ﾌｧﾌﾞﾘｰｽﾞ ｲｰｼﾞｰｸﾘｯﾌﾟ
4987176376749,Febreze ﾌｧﾌﾞﾘｰｽﾞｲｰｼﾞｰｸﾘｯﾌﾟ ﾌﾛｰﾗﾙﾌﾞﾘｰｽﾞ
4987176376732,Febreze ﾌｧﾌﾞﾘｰｽﾞ ｲｰｼﾞｰｸﾘｯﾌﾟ
4987176376787,Febreze ﾌｧﾌﾞﾘｰｽﾞ ｲｰｼﾞｰｸﾘｯﾌﾟ
4987176376770,Febreze ﾌｧﾌﾞﾘｰｽﾞ ｲｰｼﾞｰｸﾘｯﾌﾟ
4987176376695,Febreze ﾌｧﾌﾞﾘｰｽﾞ ｲｰｼﾞｰｸﾘｯﾌﾟ
4987176361578,Febreze ﾌｧﾌﾞﾘｰｽﾞ ｲｰｼﾞｰｸﾘｯﾌﾟﾄﾞﾗｲﾌﾞｼﾘｰｽﾞ
4987176362049,Febreze ﾌｧﾌﾞﾘｰｽﾞ ｲｰｼﾞｰｸﾘｯﾌﾟﾄﾞﾗｲﾌﾞｼﾘｰｽﾞ
4987176362032,Febreze ﾌｧﾌﾞﾘｰｽﾞ ｲｰｼﾞｰｸﾘｯﾌﾟﾄﾞﾗｲﾌﾞｼﾘｰｽﾞ
4987176393753,Febreze ﾌｧﾌﾞﾘｰｽﾞ ｲｰｼﾞｰｸﾘｯﾌﾟﾄﾞﾗｲﾌﾞｼﾘｰｽﾞ
4987176253859,Febreze ﾌｧﾌﾞﾘｰｽﾞ ｲｰｼﾞｰｸﾘｯﾌﾟ
4987176253880,Febreze ﾌｧﾌﾞﾘｰｽﾞｲｰｼﾞｰｸﾘｯﾌﾟ 防ｶﾋﾞｴｷｽﾊﾟｰﾄ
4987176256492,Febreze ﾌｧﾌﾞﾘｰｽﾞｲｰｼﾞｰｸﾘｯﾌﾟ 防ｶﾋﾞｴｷｽﾊﾟｰﾄ
4987176253828,Febreze ﾌｧﾌﾞﾘｰｽﾞ ｲｰｼﾞｰｸﾘｯﾌﾟ
4987176253835,Febreze ﾌｧﾌﾞﾘｰｽﾞ ｲｰｼﾞｰｸﾘｯﾌﾟ
4987176336637,Febreze ﾌｧﾌﾞﾘｰｽﾞ ｲｰｼﾞｰｸﾘｯﾌﾟ
4987176235923,Febreze ﾌｧﾌﾞﾘｰｽﾞ ｲｰｼﾞｰｸﾘｯﾌﾟ
4987176235909,Febreze ﾌｧﾌﾞﾘｰｽﾞ ｲｰｼﾞｰｸﾘｯﾌﾟ
4987176235879,Febreze ﾌｧﾌﾞﾘｰｽﾞ ｲｰｼﾞｰｸﾘｯﾌﾟ
4987176235886,Febreze ﾌｧﾌﾞﾘｰｽﾞｲｰｼﾞｰｸﾘｯﾌﾟ 消臭成分最高ﾚﾍﾞﾙ
4987176376701,Febreze ﾌｧﾌﾞﾘｰｽﾞ ｲｰｼﾞｰｸﾘｯﾌﾟ
4987176376848,Febreze ﾌｧﾌﾞﾘｰｽﾞ ｲｰｼﾞｰｸﾘｯﾌﾟ
4987176376817,Febreze ﾌｧﾌﾞﾘｰｽﾞｲｰｼﾞｰｸﾘｯﾌﾟ ﾌﾛｰﾗﾙﾌﾞﾘｰｽﾞ2個ﾊﾟｯｸ
4987176376763,Febreze ﾌｧﾌﾞﾘｰｽﾞ ｲｰｼﾞｰｸﾘｯﾌﾟ
4987176376800,Febreze ﾌｧﾌﾞﾘｰｽﾞ ｲｰｼﾞｰｸﾘｯﾌﾟ
4987176376756,Febreze ﾌｧﾌﾞﾘｰｽﾞ ｲｰｼﾞｰｸﾘｯﾌﾟ
4987176376688,Febreze ﾌｧﾌﾞﾘｰｽﾞ ｲｰｼﾞｰｸﾘｯﾌﾟ
4987176361554,Febreze ﾌｧﾌﾞﾘｰｽﾞ ｲｰｼﾞｰｸﾘｯﾌﾟﾄﾞﾗｲﾌﾞｼﾘｰｽﾞ
4987176362056,Febreze ﾌｧﾌﾞﾘｰｽﾞ ｲｰｼﾞｰｸﾘｯﾌﾟﾄﾞﾗｲﾌﾞｼﾘｰｽﾞ
4987176362018,Febreze ﾌｧﾌﾞﾘｰｽﾞ ｲｰｼﾞｰｸﾘｯﾌﾟﾄﾞﾗｲﾌﾞｼﾘｰｽﾞ
4987176393807,Febreze ﾌｧﾌﾞﾘｰｽﾞ ｲｰｼﾞｰｸﾘｯﾌﾟﾄﾞﾗｲﾌﾞｼﾘｰｽﾞ
4987176336590,Febreze ﾌｧﾌﾞﾘｰｽﾞ ｲｰｼﾞｰｸﾘｯﾌﾟ
4987176336668,Febreze ﾌｧﾌﾞﾘｰｽﾞｲｰｼﾞｰｸﾘｯﾌﾟ 防ｶﾋﾞｴｷｽﾊﾟｰﾄ
4987176336613,Febreze ﾌｧﾌﾞﾘｰｽﾞｲｰｼﾞｰｸﾘｯﾌﾟ 防ｶﾋﾞｴｷｽﾊﾟｰﾄ
4987176336651,Febreze ﾌｧﾌﾞﾘｰｽﾞ ｲｰｼﾞｰｸﾘｯﾌﾟ
4987176336606,Febreze ﾌｧﾌﾞﾘｰｽﾞ ｲｰｼﾞｰｸﾘｯﾌﾟ
4987176336620,Febreze ﾌｧﾌﾞﾘｰｽﾞ ｲｰｼﾞｰｸﾘｯﾌﾟ
4987176323910,Febreze ﾌｧﾌﾞﾘｰｽﾞ ｲｰｼﾞｰｸﾘｯﾌﾟ
4987176323958,Febreze ﾌｧﾌﾞﾘｰｽﾞ ｲｰｼﾞｰｸﾘｯﾌﾟ
4987176323934,Febreze ﾌｧﾌﾞﾘｰｽﾞ ｲｰｼﾞｰｸﾘｯﾌﾟ
4987176323927,Febreze ﾌｧﾌﾞﾘｰｽﾞｲｰｼﾞｰｸﾘｯﾌﾟ 消臭成分最高ﾚﾍﾞﾙ
4987176323903,Febreze ﾌｧﾌﾞﾘｰｽﾞ ｲｰｼﾞｰｸﾘｯﾌﾟ
4987176323941,Febreze ﾌｧﾌﾞﾘｰｽﾞｲｰｼﾞｰｸﾘｯﾌﾟ 消臭成分最高ﾚﾍﾞﾙ
4987176376725,Febreze ﾌｧﾌﾞﾘｰｽﾞ ｲｰｼﾞｰｸﾘｯﾌﾟ
4987176376794,Febreze ﾌｧﾌﾞﾘｰｽﾞ ｲｰｼﾞｰｸﾘｯﾌﾟ
4987176400628,Febreze ﾌｧﾌﾞﾘｰｽﾞ ｲｰｼﾞｰｸﾘｯﾌﾟ
4987176400611,Febreze ﾌｧﾌﾞﾘｰｽﾞ ｲｰｼﾞｰｸﾘｯﾌﾟ
4987176400604,Febreze ﾌｧﾌﾞﾘｰｽﾞ ｲｰｼﾞｰｸﾘｯﾌﾟ
4987176336644,Febreze ﾌｧﾌﾞﾘｰｽﾞ ｲｰｼﾞｰｸﾘｯﾌﾟ
4902430566575,Febreze ﾌｧﾌﾞﾘｰｽﾞ ﾌﾟﾚﾐｱﾑｸﾘｯﾌﾟ
4902430566612,Febreze ﾌｧﾌﾞﾘｰｽﾞ ﾌﾟﾚﾐｱﾑｸﾘｯﾌﾟ
4902430566636,Febreze ﾌｧﾌﾞﾘｰｽﾞ ﾌﾟﾚﾐｱﾑｸﾘｯﾌﾟ
4902430566674,Febreze ﾌｧﾌﾞﾘｰｽﾞ ﾌﾟﾚﾐｱﾑｸﾘｯﾌﾟ
4902430566759,Febreze ﾌｧﾌﾞﾘｰｽﾞ ﾌﾟﾚﾐｱﾑｸﾘｯﾌﾟ
4902430566766,Febreze ﾌｧﾌﾞﾘｰｽﾞ ﾌﾟﾚﾐｱﾑｸﾘｯﾌﾟ
4902430364034,Febreze ｸﾙﾏ用ﾌｧﾌﾞﾘｰｽﾞ
4987176084132,Febreze ｸﾙﾏ用ﾌｧﾌﾞﾘｰｽﾞW除菌 ｳｲﾙｽ除去成分最高ﾚﾍﾞﾙ
4987176328397,Febreze ﾚﾉｱﾊﾋﾟﾈｽﾐｽﾄ ﾎﾜｲﾄﾃｨｰの香り
4987176328373,Febreze ﾚﾉｱﾊﾋﾟﾈｽﾐｽﾄ ﾎﾜｲﾄﾑｽｸの香り
4987176386083,Febreze ﾚﾉｱﾊﾋﾟﾈｽﾐｽﾄ おやすみﾗﾍﾞﾝﾀﾞｰﾌﾞﾚﾝﾄﾞ
4987176328366,Febreze ﾚﾉｱﾊﾋﾟﾈｽﾐｽﾄ ﾎﾜｲﾄﾃｨｰの香り
4987176328335,Febreze ﾚﾉｱﾊﾋﾟﾈｽﾐｽﾄ ﾎﾜｲﾄﾑｽｸの香り
4987176386038,Febreze ﾚﾉｱﾊﾋﾟﾈｽﾐｽﾄ おやすみﾗﾍﾞﾝﾀﾞｰﾌﾞﾚﾝﾄﾞ
4987176339218,Febreze ﾚﾉｱﾊﾋﾟﾈｽﾐｽﾄ ﾎﾜｲﾄﾃｨｰの香り
4987176339249,Febreze ﾚﾉｱﾊﾋﾟﾈｽﾐｽﾄ ﾎﾜｲﾄﾑｽｸの香り
4987176386106,Febreze ﾚﾉｱﾊﾋﾟﾈｽﾐｽﾄ おやすみﾗﾍﾞﾝﾀﾞｰﾌﾞﾚﾝﾄﾞ
4987176100498,Pantene ﾊﾟﾝﾃｰﾝ ｴｸｽﾄﾗﾀﾞﾒｰｼﾞﾘﾍﾟｱ
4987176409447,Pantene ﾊﾟﾝﾃｰﾝ ｴｸｽﾄﾗﾀﾞﾒｰｼﾞﾘﾍﾟｱ
4987176100504,Pantene ﾊﾟﾝﾃｰﾝ ﾓｲｽﾄｽﾑｰｽﾘﾍﾟｱ
4987176409430,Pantene ﾊﾟﾝﾃｰﾝ ﾓｲｽﾄｽﾑｰｽﾘﾍﾟｱ
4987176100511,Pantene ﾊﾟﾝﾃｰﾝｴｱﾘｰふんわりﾘﾍﾟｱ 洗い流すﾄﾘｰﾄﾒﾝﾄ
4987176413338,Pantene ﾊﾟﾝﾃｰﾝ ｺﾞｰﾙﾄﾞﾀﾞﾒｰｼﾞﾘﾍﾟｱ
4987176413369,Pantene ﾊﾟﾝﾃｰﾝ ｺﾞｰﾙﾄﾞﾎﾞﾘｭｰﾑﾘﾍﾟｱ
4987176100467,Pantene ﾊﾟﾝﾃｰﾝ ｴｸｽﾄﾗﾀﾞﾒｰｼﾞﾘﾍﾟｱ
4987176100474,Pantene ﾊﾟﾝﾃｰﾝ ﾓｲｽﾄｽﾑｰｽﾘﾍﾟｱ
4987176100481,Pantene ﾊﾟﾝﾃｰﾝｴｱﾘｰふんわりﾘﾍﾟｱ 洗い流すﾄﾘｰﾄﾒﾝﾄ特大ｻｲｽﾞ
4987176270405,Pantene ﾊﾟﾝﾃｰﾝ ｴｸｽﾄﾗﾀﾞﾒｰｼﾞﾘﾍﾟｱ
4987176339379,Pantene ﾊﾟﾝﾃｰﾝ ﾓｲｽﾄｽﾑｰｽﾘﾍﾟｱ
4987176413345,Pantene ﾊﾟﾝﾃｰﾝ ｺﾞｰﾙﾄﾞﾀﾞﾒｰｼﾞﾘﾍﾟｱ
4987176413352,Pantene ﾊﾟﾝﾃｰﾝ ｺﾞｰﾙﾄﾞﾎﾞﾘｭｰﾑﾘﾍﾟｱ
4987176409423,Pantene ﾊﾟﾝﾃｰﾝ ｺﾞｰﾙﾄﾞﾀﾞﾒｰｼﾞﾘﾍﾟｱ
4987176412362,Pantene ﾊﾟﾝﾃｰﾝ ｺﾞｰﾙﾄﾞﾎﾞﾘｭｰﾑﾘﾍﾟｱ
4987176163110,Pantene ﾊﾟﾝﾃｰﾝﾃﾞｨｰﾌﾟﾀﾞﾒｰｼﾞﾘﾍﾟｱﾍｱﾏｽｸ
4987176163103,Pantene ﾊﾟﾝﾃｰﾝﾃﾞｨｰﾌﾟﾀﾞﾒｰｼﾞﾘﾍﾟｱﾍｱｵｲﾙ
4987176237590,Pantene ﾊﾟﾝﾃｰﾝ ｴｱﾘｰふんわりﾘﾍﾟｱ
4987176237637,Pantene ﾊﾟﾝﾃｰﾝ ｴｸｽﾄﾗﾀﾞﾒｰｼﾞﾘﾍﾟｱ
4987176237682,Pantene ﾊﾟﾝﾃｰﾝ ﾓｲｽﾄｽﾑｰｽﾘﾍﾟｱ
4987176309686,Pantene ﾊﾟﾝﾃｰﾝ ｴｸｽﾄﾗﾀﾞﾒｰｼﾞﾘﾍﾟｱ
4987176339362,Pantene ﾊﾟﾝﾃｰﾝ ｴｸｽﾄﾗﾀﾞﾒｰｼﾞﾘﾍﾟｱ
4987176100900,Pantene ﾊﾟﾝﾃｰﾝ 瞬間うるおい補給ﾄﾘｰﾄﾒﾝﾄｳｫｰﾀｰ
4987176100436,Pantene ﾊﾟﾝﾃｰﾝ ｴｸｽﾄﾗﾀﾞﾒｰｼﾞﾘﾍﾟｱ
4987176100450,Pantene ﾊﾟﾝﾃｰﾝ ﾓｲｽﾄｽﾑｰｽﾘﾍﾟｱ
4987176100443,Pantene ﾊﾟﾝﾃｰﾝ ｴｱﾘｰふんわりﾘﾍﾟｱ
4987176100559,Pantene ﾊﾟﾝﾃｰﾝ ｴｸｽﾄﾗﾀﾞﾒｰｼﾞﾘﾍﾟｱ
4987176100566,Pantene ﾊﾟﾝﾃｰﾝ ﾓｲｽﾄｽﾑｰｽﾘﾍﾟｱ
4987176100573,Pantene ﾊﾟﾝﾃｰﾝ ｴｱﾘｰふんわりﾘﾍﾟｱ
4987176100252,Pantene ﾊﾟﾝﾃｰﾝ ｴｸｽﾄﾗﾀﾞﾒｰｼﾞﾘﾍﾟｱ
4987176100269,Pantene ﾊﾟﾝﾃｰﾝ ﾓｲｽﾄｽﾑｰｽﾘﾍﾟｱ
4987176100283,Pantene ﾊﾟﾝﾃｰﾝ ｴｱﾘｰふんわりﾘﾍﾟｱ
4987176100245,Pantene ﾊﾟﾝﾃｰﾝ ｴｸｽﾄﾗﾀﾞﾒｰｼﾞﾘﾍﾟｱ
4987176100276,Pantene ﾊﾟﾝﾃｰﾝ ﾓｲｽﾄｽﾑｰｽﾘﾍﾟｱ
4987176100290,Pantene ﾊﾟﾝﾃｰﾝ ｴｱﾘｰふんわりﾘﾍﾟｱ
4987176100306,Pantene ﾊﾟﾝﾃｰﾝ ｴｸｽﾄﾗﾀﾞﾒｰｼﾞﾘﾍﾟｱ
4987176100320,Pantene ﾊﾟﾝﾃｰﾝ ﾓｲｽﾄｽﾑｰｽﾘﾍﾟｱ
4987176100344,Pantene ﾊﾟﾝﾃｰﾝ ｴｱﾘｰふんわりﾘﾍﾟｱ
4987176100313,Pantene ﾊﾟﾝﾃｰﾝ ｴｸｽﾄﾗﾀﾞﾒｰｼﾞﾘﾍﾟｱ
4987176100337,Pantene ﾊﾟﾝﾃｰﾝ ﾓｲｽﾄｽﾑｰｽﾘﾍﾟｱ
4987176100351,Pantene ﾊﾟﾝﾃｰﾝ ｴｱﾘｰふんわりﾘﾍﾟｱ
4987176100368,Pantene ﾊﾟﾝﾃｰﾝ ｴｸｽﾄﾗﾀﾞﾒｰｼﾞﾘﾍﾟｱ
4987176100382,Pantene ﾊﾟﾝﾃｰﾝ ﾓｲｽﾄｽﾑｰｽﾘﾍﾟｱ
4987176100405,Pantene ﾊﾟﾝﾃｰﾝ ｴｱﾘｰふんわりﾘﾍﾟｱ
4987176100375,Pantene ﾊﾟﾝﾃｰﾝ ｴｸｽﾄﾗﾀﾞﾒｰｼﾞﾘﾍﾟｱ
4987176100399,Pantene ﾊﾟﾝﾃｰﾝ ﾓｲｽﾄｽﾑｰｽﾘﾍﾟｱ
4987176100412,Pantene ﾊﾟﾝﾃｰﾝ ｴｱﾘｰふんわりﾘﾍﾟｱ
4987176270412,Pantene ﾊﾟﾝﾃｰﾝ ｴｸｽﾄﾗﾀﾞﾒｰｼﾞﾘﾍﾟｱ
